aspect oriented programming,extraction of specific functionalities to external classes or modules. For example logging.,8,2025-06-07T21:15:24.268790200
base (math),a number to be rased by some power,8,2025-06-07T21:17:25.945771800
due diligence,customer checks. due means proper.diligence means persitant work.,7,2025-06-07T21:19:20.998019800
due diligence,proper level of care. due means proper. diligence means care.,8,2025-06-07T21:22:37.177343700
due diligence,proper level of inverstigation,8,2025-06-07T21:23:16.620794200
roll out,put code/feature/functionality into production,9,2025-06-07T22:10:37.901100200
YubiKey,it is a usb device for mac for authentication,9,2025-06-07T22:12:07.466916500
heap space,what is the difference between heap space and runtime. answer in 50 words,8,2025-06-07T22:12:59.563574600
Java EE,java enterprise edition; this is a java version for large companies,7,2025-06-07T22:16:30.662406600
Unix,operating system,8,2025-06-07T22:19:58.280185500
runtime,environment and time where an app runs,8,2025-06-07T22:21:32.641811500
pivot,truning point,9,2025-06-07T22:21:56.424246400
due diligence,proper inverstigation and checks,9,2025-06-08T20:42:00.783697
runtime,Software providing needed componens and resources to run a program. Runtime also refers to a time when a program is being ran.,10,2025-06-08T20:53:49.390008100
memoization,it is a programmin technique; when intermediate results are saved to the memory; so they do not need to be rediscovered,10,2025-06-08T20:57:50.100697
diligence,care; research; investigation,8,2025-06-08T21:04:35.314938
traverse,visit all places; go trhough something; loop through something,8,2025-06-08T21:07:21.411005
deduce,conclude from evidence,10,2025-06-08T21:11:03.022037
cohesion,level of interconnectedness,8,2025-06-08T21:11:44.889112500
interface,provides abstraction; hides details; exposes key / needed features,10,2025-06-08T21:14:36.639935900
Azure,it is cloud computing platform provided by Microsoft,10,2025-06-08T21:15:16.526789100
Ivy,Ivy is a software to manage application dependecies. Can be integrated to Gradle or Jenkins. Can access Ivy repository.,9,2025-06-08T21:16:36.049484200
VPN whitelisting,Setting objects that can be accessed through VPN (Virtual Private Network) connection.,8,2025-06-08T21:18:08.677885500
interface,provides abstraction; hides details; exposes key / needed features,10,2025-06-08T21:21:41.006955900
PPTE,pre production test environment - where changes has to be tested right before they get deployed to production,10,2025-06-09T21:14:43.938355400
Rancher features,it has a user interface,8,2025-06-09T21:34:32.783060500
synchronous,action that happend right after antoher has has finished.,9,2025-06-09T21:43:44.581758500
stakeholder,any person intrested in the outcome of software building process,10,2025-06-09T21:46:29.481736400
container image,contains environment parameters and runnable application. Runs on a pod and provides an application instance,9,2025-06-09T21:48:50.797762600
reason for memory lack in Jenkins,If Jenkins settings allow too low resources that the source or it's tests actually need,8,2025-06-09T21:50:25.834673400
usability testing,testing from the point of user; basically UI/UX testing,9,2025-06-09T21:51:30.724773
functional testing,evaluates if the app generates correct outcome,9,2025-06-09T21:52:49.515599900
F5 rules,define how the traffic is being directed to app instances; pods; namespaces and clusters,8,2025-06-09T21:54:26.426007
Docker,container rutime,10,2025-06-09T21:54:51.634720900
domain model,definition of roles and processes of a specific business part,8,2025-06-09T21:55:29.834754600
dispose of memory,releasing memory,10,2025-06-10T23:16:41.784599600
directed graph,grapth are connected nodes. directed means that a connections has signle direction; from one one to another,8,2025-06-10T23:23:00.447986100
sticky session benefit,no need to serialize objects and transfer them over network,9,2025-06-10T23:25:11.089336400
test pilot,when a new feature is released partialy for testing purposes,8,2025-06-10T23:32:47.497049
AD,those are role based rights; spelled out as Access Direct. Or this can mean Architecture Description.,7,2025-06-10T23:34:17.717216300
JSP,java script pages. format to write frontend pages using javascript logic,0,2025-06-10T23:35:38.881067
PV,persistent volume - in Kubernetes or Openshift this is storage that is independent from containers,10,2025-06-12T22:20:10.965867100
onboarding,integrating into organisation; welcome to the organisation,9,2025-06-12T22:37:42.095886600
JSP,Java Server Pages - source code of webpages containing markup and logic,8,2025-06-12T22:38:55.759828100
bad separation of concerns (DDD),when a class contains functions beloging to separate business domains,8,2025-06-12T22:40:25.064391600
CTO,chief technical officer - head of IT,7,2025-06-12T22:42:54.181639700
subsetting data,separating data into smaller portions,8,2025-06-12T22:43:48.192518800
signup metadata,aditional data for signup; other than username and password,9,2025-06-12T22:45:48.434953600
separation of concerns (DDD),when a class does more than one thing,0,2025-06-12T22:47:15.443041200
asynchronous,processes that might overlap,8,2025-06-12T22:48:18.015064300
greedy solution,solution maximizing immediate result; not planning ahead,10,2025-06-12T22:57:06.016155400
Genesys Cloud,cloud based software for call centers,9,2025-06-14T17:47:49.859191
PV,Persistant Volume - in conairesed application platforms this is a memory that is independent from nodes.,0,2025-06-14T17:50:54.203353900
bounded context,Part of company IT solutions where terminology is not ambiguos because it belongs to specific business part,9,2025-06-14T17:53:23.209876100
XSS,cross site scripting - this is a way to hack apps by inserting pieces of code into fields.,6,2025-06-14T17:54:43.412532400
allocate a list,means to reserve a specific memory for list items to be stored,9,2025-06-14T17:56:01.254846900
DPIA,data protection something,0,2025-06-14T17:56:54.554354600
separation of concerns (DDD),placing code addressing separate functionality to separate contexts like class; modules or services,8,2025-06-14T17:58:38.152417700
VIP (OpenShift),Virtual Internet Protocol - directs traffic to a specific namespace,0,2025-06-14T18:00:08.700362
thoroughness,quality of a person who works with attention to details; precision and care,10,2025-06-14T19:11:47.918855600
fetch,means go; take and bring back,10,2025-06-15T13:05:12.293630400
CI,Continuous Integration - this means that the source code parts are combined / integrated to the end product in an automatic way,2,2025-06-15T13:06:45.122909900
tampering,alter in a damaging way,9,2025-06-15T13:19:19.825458400
.war file,archive file; similar to .jar. From this file an application can be run,8,2025-06-15T13:20:40.245360900
dispose,to free up. example - dispose memory - fee up memory. dispose list - fee up memory allocated to a list items,9,2025-06-15T13:29:09.546478800
DC,data center - a building where physical servers are store and other hardware as well,8,2025-06-15T13:30:00.945731800
framework,established helper sofware to develop applications faster and simplier. already contains pre-solved areas.,8,2025-06-15T13:32:07.466544500
encapsulation,hiding details in the objects. for example when field is marked private and is managed using getters and setters.,9,2025-06-15T13:33:32.376097
PV,persisntent volume - storage that is indepdent of containers,9,2025-06-15T19:01:01.415066100
VIP (OpenShift),Virtual Internet Protocol - used to traffic calls within a cluster; often for load balancing reasons.,0,2025-06-15T19:02:39.798909300
SLI,Service Level Indicator - a measurement / metric used to describe how well a service works,9,2025-06-15T19:19:06.074413900
XSS,Cross-Site Scripting - a flaw in the service; where hackers might inject working scripts into it.,8,2025-06-15T19:20:46.826429100
DPIA,Data Protection Impac Accessment - noticing an managing risks when a personal data is being operated,7,2025-06-15T19:22:33.631509200
gateway team,a team that manages external calls to internal systems; for example APIs,8,2025-06-15T19:23:54.505075300
Spring boot,Java framework for creation of web applications.,8,2025-06-15T19:25:20.915678500
OpenShift,Container orchestration platform,9,2025-06-15T19:25:55.494892400
JSP,java server page - html code combined with java logic; such as loops and ifs,10,2025-06-16T10:53:31.677102300
cloud platform,cloud refers that it is located in remote server or servers. platform is sort of environment with tools; where apps can be developed and ran,8,2025-06-16T10:55:49.563908
to stash,to temporarily save current changes in some other place; from where later; those changes can be taken,9,2025-06-16T10:57:13.920194600
RESTful data formats,json; xml,8,2025-06-16T10:59:19.640400500
throttling,intentionally limiting resources that are being used,10,2025-06-16T10:59:47.844431700
hashing,applying algorithms to a value; to get a useful end value. Can be used for security reasons. Hash values may collide.,9,2025-06-16T11:01:54.553416900
canary deployment,installing new features to the production by small portions,9,2025-06-16T11:02:50.347123800
base Java Docker image,environment with java runtimes for container applications to work in,9,2025-06-17T10:01:15.910156900
exploratory testing,free approach for testing,9,2025-06-17T10:01:47.239352700
streamline,to make processes efficient,9,2025-06-17T10:02:13.337102900
data flow,all processes containing data: input; calculations; output,8,2025-06-17T10:03:13.639777400
semantic registration message,key value pairs for registration online,7,2025-06-17T10:04:10.442004800
DPIA,data protection impact assessment - finding and mitigating risks regarding processes with personal data,10,2025-06-17T10:05:43.081591300
MLM,multi level marketing - marketing where seller proffits from his recruits. by many it is considered a pyramid scheme,9,2025-06-17T10:07:05.022070800
XSS,cross-site scripting - web page flaw when hackers can insert malicious scripts into it,10,2025-06-17T10:08:16.339607600
PV,persistant volume - storage that is not dependent on container,7,2025-06-17T10:09:11.182166900
chaos engineering,inserting code that is known to break the application system in order test it,8,2025-06-17T10:12:12.002866100
integrated test environment,prod like environment; where all components are integrated just like in prod,10,2025-06-17T10:13:11.779582100
paradigm,example; pattern; model,10,2025-06-17T10:13:34.730993600
on-premises datacenter,where IT servers are placed in facilities belonging to the company,9,2025-06-17T10:14:30.381044400
obfuscate data,modify personal data so a concrete person cannot be identified from it,9,2025-06-17T10:15:33.755519900
firewall,layer of trafic rules between server and client.,8,2025-06-17T10:16:24.253873400
DRT,disaster recovery testing - checking how well application can be recovered after a disaster,7,2025-06-17T10:17:36.091519600
justified vs excusable,justified marks calculated intentionality of having flaws; excusable has cannotation of just tollerating them,9,2025-06-17T10:19:43.789088600
NOT IN (SQL),operation similar to != or !contains,9,2025-06-17T10:20:50.616052700
hub,central point from where the management comes,8,2025-06-18T19:40:53.499599200
good cohesion (DDD),having only similar functions grouped together,8,2025-06-18T19:41:53.620157500
Wireshark,software for troubleshooting network,9,2025-06-18T19:42:13.222000500
GCT,general complience testing - checks how well regulations are being met,7,2025-06-18T19:45:02.524579800
JPA,java persistance API - standard of managing databases,7,2025-06-18T19:46:06.157796
coupling,interconnecting together,8,2025-06-18T19:46:36.526179900
port,endpoint of communication,10,2025-06-18T19:48:03.109467800
good cohesion for DocManager,each method manages documents: creation; editing; deletion,8,2025-06-18T19:48:48.199714400
CI/CD,ontinuous integration / continuous delivery. Continuous integration is automated testing and compilation of code from various sources and continuous delivery is automated deployment,9,2025-06-18T19:53:23.570710200
DDoS attacks,malicious hacker attacks where target service is being bombarded by overwhelmingly large amount of calls,8,2025-06-18T19:55:02.983877200
suite,a set of related objects. e. g. test suite,10,2025-06-18T19:56:13.483202500
web portal,web page where primary function is to direct to another web pages,9,2025-06-18T19:57:41.533835700
bounded context (example of inventory management),separate part of software where terminology aligns to inventory management,8,2025-06-18T19:59:36.197521600
DevOps,Development and Operations discipline where CI/CD pipelines are being used.,8,2025-06-18T20:01:13.420185600
Helm,Application/Service settings. For example has information on which versions has to be built. What are parameters for app instances.,8,2025-06-18T20:04:57.000675700
RESTful,Means that API has a set of standards: data markup formats; like json or xml; layers in the app like controller; service and storage; standard http calls like PUT or GET.,8,2025-06-18T20:08:34.162075600
partition and sample,in database these are ways to take a portion of entries,9,2025-06-18T20:09:36.179528400
Argo CD,Software to get source code from git and deploy it to Kubernetes clusters.,8,2025-06-18T20:10:58.527844400
CTE (sandbox),common test environment,10,2025-06-19T15:10:05.165490200
infer,conclude from evidence,10,2025-06-19T15:10:43.350683500
microservice,separate unit of software; providing a particular function,9,2025-06-19T15:12:00.310334800
JPA entity management,java persistence API maps entities : objects to relational database tables,9,2025-06-19T15:12:58.857785500
namespace (networking),in containerised application orchestration platforms; this is a subdivision of cluster; or a group of nodes,8,2025-06-19T15:15:05.087240700
postmortem,methodical checks of what went wrong; and steps to prevent it,8,2025-06-19T15:18:45.455316900
RESTful layers,controllers; services and storage,9,2025-06-19T15:19:39.252948700
deploying,installing application to particular environment,9,2025-06-19T15:31:40.678792600
API,application programming interface - endpoints to access exposed functionality,8,2025-06-19T15:53:29.267226700
cohesion (DDD),level of interconnectedness,8,2025-06-19T15:56:04.432591800
regression testing,automated UI testing using tools like Selenium to check if application behaviour is a expected,8,2025-06-19T16:09:23.233105700
greedy solution,solution maximizing immediate result; not planning ahead,10,2025-06-19T16:10:17.047248400
exponent (math),l;skjdfl;gksjdf;lgkjsdf;lgjksd;flkhjs;dlfkhjs;ldfhkj,0,2025-06-19T16:11:06.766762900
CTE (SQL),common table expression,7,2025-06-20T15:58:17.026058400
master node,node from which other nodes are ruled,8,2025-06-20T15:59:12.700846700
database transactions,a group of sql queries which completes one function and is concidered failed if a single of these queries failed,9,2025-06-20T16:05:36.700954600
secret (Kubernetes),confidential key definition information,8,2025-06-20T16:06:19.349644500
deque,data structure. two way que. can be implemented as linked list or array deque,8,2025-06-20T16:08:18.908109300
to prompt,to give ai questions or instructions,8,2025-06-20T16:08:49.110878300
edge (graphs),connection between nodes in a graph. can be directed or go both ways.,9,2025-06-20T16:10:11.074439
hub,central point where decisions are made,9,2025-06-20T16:10:59.283687200
indegree,incomming connection,8,2025-06-20T16:11:38.166222500
exponent (math),when a number is raised by some power; this is this power value,8,2025-06-20T16:12:54.554297900
throughput,amount of data flow that can happen a given moment,8,2025-06-20T16:13:44.834711600
git stash,temporarity put the changes away; so they can be applied later,10,2025-06-20T16:14:10.846838600
unit testing,in java source code most methods has to be checked by this unit test to check if the method's outcome is as aspected,8,2025-06-20T21:12:04.391189300
object mapping (database),when object fields become database table columns,8,2025-06-20T21:13:43.336844100
security testing,checking if the app safe,8,2025-06-20T21:14:31.601882800
dispose of a list,free up a memory where list items were meant to be placed,10,2025-06-20T21:15:53.739619400
facility,building,8,2025-06-20T21:17:21.721056400
bad separation of concerns (DDD),single unit has too wide amplitude of functionalities,9,2025-06-20T21:18:27.052574400
abstract class,a class where there are some implemented code; and some abstract methods that has to overridden in the inheritors,10,2025-06-20T21:20:58.066530700
TDM,test data management,10,2025-06-21T17:20:02.171695300
integrity (of documents),documents are not altered; or not altered in a damaging way; such as faking data,9,2025-06-21T17:21:21.793260800
OKR,objective key requirements - rules of how well should service work,0,2025-06-21T17:22:26.659203600
worker node,a node where service instances can be deployed,9,2025-06-21T17:23:11.362774400
ubiquitous,havind a single meaning some specific business context; both by developers and business people,0,2025-06-21T17:24:43.355966400
PII,persona identifiable information,0,2025-06-22T22:33:28.632075600
bad cohesion (DDD),when a software units completes unrelated functions (from different business areas),9,2025-06-22T22:35:41.244101500
ubiquitous,common; commonly used,9,2025-06-22T22:36:14.692643
OKR,Objectives and key requirements,0,2025-06-22T22:36:50.406426400
garbage collection,when unused memory gets disposed,9,2025-06-22T22:39:30.529567400
Java beans,In Sprint these are Java Objects which one manages by annotations,7,2025-06-22T22:40:58.833216400
performance testing,checking how well service and system behaves with a larger load,8,2025-06-23T10:44:18.097724
test data management for enterprise,large companies having a model how to deal with data in pre production test environmet. Might include creating synthetic data; obfuscating and so on.,9,2025-06-23T10:46:22.769909800
continuous integration components,merging code and testing,8,2025-06-23T10:46:54.191005600
Kafka vs Kubernetes,Orchestration platforms: kafka orchestrates data flow and kubernetes orchestrates containerised applications.,9,2025-06-23T10:48:26.374316200
entity (database),Data entry corresponding to an Object in the back-end.,8,2025-06-23T10:49:47.844398300
technical debt,accumulated code imperfections,10,2025-06-23T11:01:08.628276600
outdegree,in a grapth; the number of outgoing edges (connections from a node to another nodes),10,2025-06-23T11:02:31.022299600
Kerberos,Software managing passwords,8,2025-06-23T11:03:15.947056900
penetration testing,authorised hacking of the system to check voulnerabilities,10,2025-06-23T11:04:15.423411300
collision resistant,means that a product of an algorithm will not cause problems due to matching another instance; when it is supposed to be unique,8,2025-06-23T11:10:49.687987500
RESTful client-server,server is backend providing endpoints and data flow behind them. Client is usually front end system.,9,2025-06-23T11:12:27.083399300
domain,business area with ubiquitous language.,9,2025-06-23T11:12:56.819234500
JPA responsibilities,java persistence API - manages data flow between backend and database,7,2025-06-23T11:13:46.092166
bounded context (example of user management),user management has a separate unit of software which is responsible for user management: user creation; deletion; eding; updates and other,9,2025-06-23T11:15:39.374190800
bounded,in DDD means having a separation between other contexts. Might be through class; module or service.,10,2025-06-23T11:17:16.821756400
value stream,agile business process in VDE to create or enhance software,7,2025-06-23T11:20:02.765080300
JDBC,java data base connection - standard of backend communication to database.,7,2025-06-23T11:20:52.752242100
product backlog (agile),all the task listed by priority in order to deliver a product,9,2025-06-23T11:22:43.725070300
error budget,how much errors are justified,8,2025-06-23T11:23:15.367900700
PV (containerisation),persistant volume - storage independent from container,9,2025-06-23T11:23:50.093679500
pseudonym,real name replaced with newly created one,10,2025-06-23T11:27:08.003225700
collision,when produced hash code matches another instance,9,2025-06-23T11:29:01.609838600
feature flag,a single variable to toggle entire part of software,9,2025-06-23T11:34:15.627934900
present() (Fluentlenium),checks if web element is in the DOM,10,2025-06-23T11:40:36.118773600
Logread,directory where log files are formulated and stored,7,2025-06-23T11:41:16.876477100
container management platform,tool run multiple instances of a service; each in the container and in a separate pod. Might be in a separate cluster or namespace.,8,2025-06-23T11:44:56.268198500
NFC,technology: near field communication: used for payments with debit cards,4,2025-06-23T11:46:06.151219700
DRY,don't repeat yourself - conding principle.,7,2025-06-23T11:47:08.730346
YAML,yaml aint markup language - structured key value pairs,7,2025-06-23T11:48:23.603888800
stop word filtering,meny,0,2025-06-23T11:49:30.609342900
IoC,Inversion of Control - when a framework manages object/bean lifecycle,9,2025-06-23T11:51:40.872594900
master node,a node with reponsibility of managing overall state of other nodes and cluster,10,2025-06-23T11:52:42.801812300
bounded context (example of order processing),a separate part of software for order processing: buying; selling; additional calculations,8,2025-06-23T11:55:12.007259
PII,personally identifieble information,8,2025-06-24T15:16:42.732690600
OKR,objectives and key results,10,2025-06-24T15:18:07.090441400
CFT (company structure),cross-functional team,0,2025-06-24T15:18:41.827392200
CFT (company structure),cross functional team - a team consisting of professionals with different competences,7,2025-06-24T15:22:19.088661300
CFT (company structure),Cross Functional Team - individuals wtih different areas of expertise,7,2025-06-24T15:23:28.890900700
CFT (company structure),Cross Functional Team – a group of individuals from different departments or areas of expertise working together toward a common goal.,7,2025-06-24T15:47:35.736312300
CFT (context: company structure),Please explain this: CFT (company structure),10,2025-06-24T15:50:45.726779500
CFT (context: company structure),cross functional team - individuals with different areas of expertise.,10,2025-06-24T15:52:48.958575100
verbose,containin many words,9,2025-06-24T15:55:03.599872500
memoization,programming technique where intemediate results are stored; so there would not be need to calculate them again,9,2025-06-24T15:56:08.802150300
Spring beans,In Spring framework those are java objects; which lifecycles are managed by inversion of control.,9,2025-06-24T15:57:20.145737900
backlog,list of tasks to be done,9,2025-06-24T15:58:03.442554400
observability,logs and moniroring. anything that would help to see the state of application.,8,2025-06-24T15:58:51.675898800
NFC,near field communitation - technology of informations exchange between devices that are typically a few centimeters away,6,2025-06-24T16:37:13.528583300
NFC,near field communication - technology of informations exchange between devices that are typically a few centimeters away,10,2025-06-24T16:37:59.383625200
irreversible data transformation,it is impossible to backward engineer initial information from the result.,9,2025-06-24T16:40:01.853275
good cohesion (DDD),a software unit serves a praticular narrow business area; having uniquitous language,8,2025-06-24T16:41:36.936546200
VPN,virtual private network - way to safely connect to the internet resources.,9,2025-06-24T16:43:07.322539
commissioning,putting new feature into use,8,2025-06-26T15:49:50.038518900
Kerberos keytab key,secret data used for authentications with target service; but is received from kerberos service,9,2025-06-26T15:51:04.045976600
provisioning,putting new feature into use,8,2025-06-26T15:51:41.137784300
servlet container,in spring this is a pool of objects that expose endponts,3,2025-06-26T15:53:10.416584700
proxy pattern,when the proxy object (the one accessed externally) provides real object. both proxy and real are extended from the same interface.,10,2025-06-26T15:54:51.764630300
Bean factory/ Application context,In Spring these provide lifecycle management for objects (IoC - inversion of control),9,2025-06-26T15:56:15.373372800
Agile Test Quadrants,Test types mapped by two dimesions: technical and buisiness,9,2025-06-26T15:57:01.132407900
operational risk,any type of damage that can be generated by running a service. This might be caused by people; hardware; software or other.,9,2025-06-26T15:58:21.142577900
stop word filtering,technology where searching is optimised by ignoring overly popular words like "the",10,2025-06-26T15:59:15.300825500
PII,Personally Identifiable Information - data from which a person can be identified,10,2025-06-26T16:00:16.344843800
commissioning,putting into working condition,9,2025-06-27T16:49:55.368384100
provisioning,putting into use,7,2025-06-27T16:50:06.877740400
Kerberos keytab key,secret information; sort of password; provided by kerberos service; and is sent to target service for authentication,8,2025-06-27T16:51:39.818331300
abstraction examples,interface; method; class; api,8,2025-06-27T16:53:09.597631
retrieve,to get,8,2025-06-27T16:53:17.578920600
Agile Test Quadrants,tests sorted on two dimentions - technical and business,9,2025-06-27T16:54:05.100520100
accessibility testing,checks of how well people with limited abilities can use the product,10,2025-06-27T16:55:13.138322100
jar hell,happens when multiple dependencies depend of different versions of subdependencies. all versions of subdependencies are downloaded and are confusing which one should be used,9,2025-06-27T16:57:25.647734
semantic registration message,key value pairs; like json used for user authentication,8,2025-06-27T16:58:31.765232400
WoW,way of working - processes within team how things should be done,10,2025-06-27T16:59:19.424695500
coupling (noun) (software),dependecy between two parts of code,9,2025-06-27T16:59:53.749472400
token,user login information that are stored in usually in the cookies,7,2025-06-28T13:12:19.928090400
Hungarian pollution,variables having prefixes or suffixes marking type of the variable,8,2025-06-28T13:58:18.533779700
DevSecOps,specialists and discipline of automated pipelines: integreation: merging; testing; security; and delivery: deployment,8,2025-06-28T13:59:55.535163
credential examples,username; password,8,2025-06-28T14:00:55.157850200
credential,user data that can be used to authenticate,9,2025-06-28T14:01:29.876473100
defensive programming,extra checks for corner cases within code,8,2025-06-28T14:02:14.169769300
JPA,Java Persistence API - standard or java apps interacting to databases,8,2025-06-28T14:03:05.969214600
servlet container,Part of the server which manages servlets that are defined in the application,9,2025-06-28T19:15:54.659287
JPQL,Java Persistence Query Language - tool in java application to write a universal queries; independent of the kind of the database,9,2025-06-28T19:17:09.708123500
provisioning,putting new feature into use,8,2025-06-28T19:17:42.140755
NFS,Network File System - way to access files in the network as if they were local,9,2025-06-28T19:18:39.488626800
operations specialist,specialist that takes care of it infrastructure: servers; deployment; repositories,8,2025-06-28T19:19:39.937244
REST,standard for endpoints. They should be stateless. Standard http actions like GET or PUT. common data markup file types used like JSON. Applications have layers like controller; service and storage.,8,2025-06-28T19:22:24.949685100

connection protection (examples),authentication; access control; key exchange,8,2025-06-29T13:30:23.455465800
artifact,artifact in general is a thing,0,2025-06-29T13:31:04.603660300
code integration,automated code merging; compiling and tests. part of CI/CD pipeline in the DevOps.,9,2025-06-29T13:36:21.892562100
data flow,getting; processing; storing and sending information,8,2025-06-29T13:37:21.333552500
ICT system (components),Information Computing Technology system componens - hardware; software; newtorks and people.,8,2025-06-29T13:41:23.184106200
etcd etymology,et cetera directory - in linux that is directory for various items,8,2025-06-29T13:46:37.156476700
aspect,aspect in aspect oriented programming is a function that can be outsourced from code; while not explicitly calling it in the classes wehre its used. for example logging,8,2025-06-29T13:51:40.594110900
F5,load balancer and traffic orchestrator in kubernetes and OpenShift,9,2025-06-29T13:52:22.423913100
good separation of concerns (DDD),One piece of code; does narrow range of functions - all connected to the same business context and area.,9,2025-06-29T13:53:47.785094300
ECB,Europien Central Bank,7,2025-06-29T13:57:26.391079700
servlet vs controller,both takes care of user requests and send computed infromation; but controller is higher abstraction over servlet.,10,2025-06-29T13:59:06.521260700
JETTY,application server - manages lifecycle of application beans and servlets,8,2025-06-29T14:01:54.925909200
VIP (OpenShift),Virtual IP - directs traffic within cluster; oftern for load balancing purposes,9,2025-06-29T14:03:14.899376200
Rancher platform,orchestration tool for kubernetes containers,9,2025-06-29T14:04:29.661652700
pod,portion of resources where containerised application is deployed.,8,2025-06-29T14:05:40.025777800
assess,check and make sure something is true,8,2025-06-29T14:06:06.985151700
stereotype in Spring,the way to annotate components by @ sign in Spring applications,9,2025-06-29T14:07:47.695754600
deque,two way que in Java; implemented as ArrayDeque or LinkedList,8,2025-06-29T14:08:34.896840
subnet,portion of network,8,2025-06-29T14:08:57.427799300
servlet container,part of application server like Tomcat or Jetty; where the applications servlets' lifecycles are managed,9,2025-06-30T13:38:37.897009500
IMDG,in memory data grid - storage in RAM for quicker access,8,2025-06-30T13:40:21.748240100
JSX,JavaScript XML - format similar to HTML to furmulate web pages with React,8,2025-06-30T13:42:00.451590400
component scanning,process in Spring; where classes and method that has annotations are read,9,2025-06-30T13:43:05.582020400
hash use cases,encryption; security; passwords; integrity; secrets,8,2025-06-30T13:44:09.236586300
operational risk,damage that might happen dure to failure of network; hardware; software or people.,9,2025-06-30T13:45:09.272891
DBA,Data Base Adminitrators - IT team,8,2025-06-30T13:45:29.469803700
container,tool providing environment; runtime and settings for application instance,9,2025-06-30T13:47:07.064773100
customer data domain,operations; processes; software and people dealing with customer information.,9,2025-06-30T13:48:57.865648500
OpenShift vs Kubernetes?,Both are containerised application orchestrating platforms; but OpenShift is higher abstraction of Kubernetes; providing additional functionality,9,2025-06-30T13:50:18.662292900
dispatcher,someone or something that directs flows to different directions,8,2025-07-01T16:22:29.577446700
servlet container,it is where servlet lifecycles are managed in application server; such as Tomcat or Jetty,10,2025-07-01T16:29:30.864259700
compatibility testing,checks if application works well in different environments and or setups.,10,2025-07-01T16:30:12.867592500
life cycle management,taking care or project; application or object throuh planning; initiation and iterations,8,2025-07-01T16:32:05.191965700
build,application built to a deployable file; such as WAR,8,2025-07-01T16:32:56.842499200
namespace (cluster),git notes,0,2025-07-02T10:11:43.043022400
DGOM,Data Governance Object Model - defines proceses and roles how customer data is handled,9,2025-07-03T16:29:18.883353400
proprietary,belonging to a company,8,2025-07-03T16:30:06.382562700
undirected graph,when graph edges between nodes does not point to one direction; but raher connects bidirectionaly,10,2025-07-03T16:31:11.931372600
custody,legal taking care,10,2025-07-03T16:31:39.170153300
ORM,Object Relational Mapping - framework to map objects to database tables,10,2025-07-03T16:32:36.272682200
em dash ("—") function,used when something unexpected is wanted to convey,7,2025-07-03T16:33:28.608066300
en dash ("–") function,used to connect words and use them as one unit; example cross-functional,7,2025-07-03T16:34:37.251555
allocate,give a specific place in the memory,8,2025-07-03T16:35:31.166162800
web,internet,8,2025-07-03T16:35:55.808651300
pipeline,automated processes. In IT usually conneced to CI/CD and DevOps,8,2025-07-03T16:37:07.593790100
artifactory,repository where built apps or libraries are held,9,2025-07-03T16:38:01.243663200
Data governance,taking care of data,8,2025-07-03T16:38:42.927652100
POJO,Plain Old Java Object,10,2025-07-03T16:39:00.477814700
good separation of concerns for DocManager,only takes care of managing documents : create; edit; delete,9,2025-07-03T16:39:29.399887500
commissioning,making ready to use,9,2025-07-03T16:39:58.906462500
GDPR,General Data Protection Regulation - europien laws for private data,8,2025-07-04T10:40:40.476834400
hash,a code that is generated by applying some algortithms on input. Is deterministic. Might collide. Good forth security; passwords; identification; indexing; integrity checks,9,2025-07-04T10:42:38.389242100
good cohesion for DocManager,All methods manage documents: create; edit; delete,7,2025-07-04T10:46:54.650510500
IMDG,im memory data grid - distributed memory technogoly where RAM memory is used,8,2025-07-05T09:42:10.637829100
PVC (containerisation),persistant volume claim - order for the memory that is not dependent on the container or pod,9,2025-07-05T09:43:14.008094500
personal data retention,time for which personal information is being kept and managed,10,2025-07-05T09:43:46.483836100
proprietary,belonging to a company,8,2025-07-05T09:44:01.504426800
JSON,semantic message; popular for object serialisation and sending data over network; having hierarchy and key value pairs,8,2025-07-05T09:46:16.504819400
interface in java,is sort of contract for the class which implements it. Shows what methods this class should implement.,9,2025-07-05T09:54:52.235263600
DORA,dk,8,2025-07-06T11:26:37.866154600
detrimental,causing damage,9,2025-07-06T11:27:36.501995200
Kerberos keytab,secret code provided by Kerberos services (using username and password); is used to authenticate in a third service,8,2025-07-06T11:31:07.208839100
cross architecture,including all parts of architecture: backend; frontend; database; logging and so on,9,2025-07-06T11:34:28.155469900
trie,words stored in trees; letter by letter. good for searching words with certain prefixes,10,2025-07-07T23:05:46.026660900
TDC,test data complience,8,2025-07-07T23:06:21.491298400
integration testing,testing how well certain part of the system works with the context (other parts of the system),9,2025-07-07T23:07:46.523307
parity,quality of being even or odd,10,2025-07-07T23:08:14.835281200
Kibana,in Opeshift this is a solution for logs and monitoring,9,2025-07-07T23:08:51.222613
Java bean,object managed by Spring inversion of control,7,2025-07-07T23:09:42.943774200
KPI,key production indicator - quantifieble mesurement of how well should system work,7,2025-07-07T23:11:52.835810100
commissioning example,"commission a new feature" - means making feature available to the users,8,2025-07-07T23:13:53.239402500
namespace (cluster),logical part of cluster with own resouces; where even smaller instances are - pods.,9,2025-07-07T23:16:43.104323800
state (of object),values of fields of the object,9,2025-07-08T10:07:05.201450100
URL safe format,means all the possible characters in this format are allowed in URL string,8,2025-07-08T10:08:12.151070100
legal person,a company; firm; organisation; not an individual,10,2025-07-08T10:09:15.433829800
chaos engineering,intentionional and authorized injection of code with bugs and errors in order to test such scenarios.,7,2025-07-08T10:10:47.501866500
Kubernetes,container orchestration platform,10,2025-07-08T10:14:09.099524300
Ivy integration to Gradle,Ivy plugin in the Gradle project; through which Ivy repositories and libraries can be reached,10,2025-07-09T09:55:36.185981700
indegree,In a graph node; this is a number of incoming edges,10,2025-07-09T09:56:10.044016600
TDC,test data complience,8,2025-07-09T09:56:21.681077100
pointcut,in the aspect method anotations; this is a rule by which this method is triggered.,8,2025-07-09T09:57:37.043143900
ubiquitous language (DDD),in domain driven develpment this is a language common in the bounded context; whhich represents a business part,8,2025-07-09T09:59:11.789939800
SwiftUI,platform to create apple user interfaces. iOS and other,9,2025-07-09T12:14:33.386766700
FDP,front development platform - framework to build UI apps; like React or Angular,0,2025-07-09T12:16:25.061886
real-time data flow,data managed in multiple concurrent threads,8,2025-07-10T22:26:25.786203700
Hazelcast,Software to use in-memory data grid for distributed compute,8,2025-07-10T22:27:26.931331600
FDP,Frontend Development Platform - for example React or Angular,8,2025-07-10T22:28:07.900000900
ECB stress test,European Central Bank checks how well banks can deal with disaster scenarios,10,2025-07-10T22:29:52.847368500
JPQL,Java Persistance Query Language - Standard language independent of target database type; used for managing databases.,9,2025-07-10T22:32:04.640981700
stub,a block of code,7,2025-07-10T22:33:45.169967100
pagination,when given list is distributed over multiple pages; each page with index,8,2025-07-10T22:34:47.091448800
heap,data structure where elements are sorted automatically. min heap makes available a smallest member and max heap - bigest.,8,2025-07-10T22:36:34.935858900
DGOM,Data Governance Object Model - the way data is managed in the company - precesses; roles; rules and so on.,7,2025-07-10T22:37:46.611994400
data pseudonymization,when real data is replaced with pseudonyms,9,2025-07-10T22:38:35.790155100
due,1. proper 2. almost now,7,2025-07-10T22:39:29.170243900
poor separation of concerns for DocManager,class not only manages documents like creating or editing them; but has additional functionalities; like sending email for example,10,2025-07-10T22:41:18.459801700
TDC,Test Driven Coding - first writing the test and addopting the code to it.,0,2025-07-10T22:42:20.686409400
directed graph,means edges in in the graph are vectors between nodes. This meeans they have direction.,9,2025-07-10T22:43:29.904190700
Loki (observability),A tool to collect log files,9,2025-07-10T22:43:59.219808900
firewall opening,implementing a set of rules how instances in the network interact,8,2025-07-10T22:45:13.953616
Kafka,real time data flow orchestration platform,9,2025-07-10T22:46:04.361996
diamond operator (Java),retrieves the Type automatically from where it's already mentioned,8,2025-07-10T22:47:23.554773100
domain vs bounded context,both are part of buisness with ubiquitous language and are a base for creation of a separate software unit: service; module or class,9,2025-07-10T22:49:19.556002400
modal window,sort of like pop up or dialog; where the backgroud is inactivated,9,2025-07-10T22:50:48.039812800
permutation,different variation of same members; but different order,9,2025-07-10T22:51:50.994456500
etcd,et cetera directory - in linux there is such folder,0,2025-07-10T22:52:32.352372300
enhanced,strengthened,9,2025-07-10T22:54:02.961096600
SSO,single sign on - the way to authenticate without entering username and password,7,2025-07-10T22:54:39.454396400
Kerberos keytab key,a secred provided by Kerberos service in exchange of correct username and password; is used to authenticate to third party service,7,2025-07-10T22:57:16.993895600
Chromium,Base of browsers; mainly Chrome,10,2025-07-10T22:57:59.033092800
integration testing,tests how well small peaces of code are working when integrated into larger contexts,9,2025-07-10T22:59:02.222410900
overlay (web),sort of layer on top of UI screen; preventing from actions. for example laoding overlay,9,2025-07-10T23:00:15.230986600
Swagger,software for listing endpoints,7,2025-07-11T19:43:22.945922200
assemble,part of building process; where different parts are brought togethere into biger units,8,2025-07-12T13:32:00.419389600
etcd,etc distributed - data about pod settings,4,2025-07-12T13:34:42.348310800
TDC,test data compliance,10,2025-07-12T13:35:11.229864400
GitHub repository access HTTPS vs SSH,https requires username and password; ssh - no password required,9,2025-07-12T13:35:55.833067400
e.g.,exampli gratia - latin for (fro example) (good example),8,2025-07-12T13:36:34.024148700
lazy initialization,when initialisation only gets finished when first time used,9,2025-07-12T13:37:35.346525200
using APIs,communication between services; or human and service through endpoints,9,2025-07-12T13:38:30.130312400
credibility,how well should a person or organisation should be trusted,9,2025-07-12T13:39:11.832502
container instance,separate copy of program working on a pod; having runtime and settings,9,2025-07-12T13:40:22.756182500
gateway,server managin incomming connections,7,2025-07-12T13:40:46.727462100
PCI DSS,Paying Card Industry Data Security Standard - wow safe is to use credit card,7,2025-07-13T09:16:03.013761800
etcd,etc distributed - distributed settings accoss pods,8,2025-07-14T11:47:57.228420300
Ingress Controller,manages and distributes traffic accross Kubernetes deployed instances of an application,9,2025-07-14T11:49:03.544343800
Elasticsearch,tool; software for observability. reads logs; filters them; combines data,9,2025-07-14T11:49:52.486404100
full-text search,technology for searching; which understands synonims and steams of words,8,2025-07-14T11:50:51.833013400
Google Cloud,platform for cloud computing and data,9,2025-07-14T11:51:13.818368500
Bean factory/ Application context,In Spring this manages objects and implements inversion of control,8,2025-07-14T11:51:56.533097300
semantic message,data that has additional meta data describing what it is. for example in JSON there are fields explaining what is the meaning of each value.,9,2025-07-14T11:54:59.979659600
CTE (SQL),common table expression,8,2025-07-14T11:55:20.779849700
exponent (math),when a number is rased to the power; this is the number explaining what the power is,7,2025-07-14T11:56:08.443709600
cloud,remote servers,7,2025-07-14T11:56:49.374049600
substitution (general word),replacement,10,2025-07-14T11:57:06.290177400
UI dialog,part of the web page; sort of like pop up on the sreen asking user to choose certain options,9,2025-07-14T11:57:53.989582500
DSS,data security standard,10,2025-07-14T11:58:24.081004300
volatile,the quality of unpredictability of change; big and sudden changes,9,2025-07-14T11:59:45.039935200
DSL,data secure layer,0,2025-07-14T11:59:59.047066100
non-semantic message,raw data without any explanation of its meaning,10,2025-07-15T11:34:18.465363500
etcd,etc distributed - common configurations for nodes in Kubernetes,7,2025-07-15T23:33:18.382072100
provisioning,making available in the production,7,2025-07-15T23:33:59.538727700
DSL,Domain Specific Language - a language that is not universal but with a more narrow use and purpose,9,2025-07-15T23:35:11.560179700
volatile (Java),keyword to make variable have a freshly updated value in multithereading,8,2025-07-15T23:37:48.991842600
SLO,Service Level Objective - aim for application to function as well as defined in the criteria,10,2025-07-15T23:39:44.945063700
comply,to meet requirements,10,2025-07-15T23:40:25.569567
artifact (context: compilation),artifact is compiled and built application code; ready for runnig. In format such as .jar or .war,9,2025-07-16T10:00:29.877777700
enterprise-level,means that a product has a scale and other requirements to fit needs of large companies,9,2025-07-16T10:01:25.853242900
A/B testing,testing two variations of business solutions to decide which one is better,9,2025-07-16T10:05:14.892288100
JSX,javaScript as XML - syntax used in React to combine HTML elements and javaScript logic,8,2025-07-17T11:00:33.201525800
Kerberos ticket,a way to authenticate to third service without sending password,8,2025-07-17T11:01:27.414048500
staging environment,evironment that has state that is intended to become production,9,2025-07-17T11:02:17.336430100
Hibernate,ORM; object realtional management; a tool used in java to manage database,8,2025-07-17T11:03:33.941689300
GCT,general compliance testing - checks how well functionality follows rules and reglamentations,8,2025-07-17T11:04:31.512916100
endpoint,a certain url address; by which a certain app functionallity is exposed and accessed,10,2025-07-17T11:05:42.674659500
Jenkins,CI/CD tool for automated tasks; mostly integration and deployment,9,2025-07-17T11:06:28.118128500
build process,source code preparation to be runnable,8,2025-07-17T11:07:02.708065100
boilerplate,common code that is usually repeated without much customisation accross multiple projects,10,2025-07-17T11:08:33.393399
dispatcher,someone or something that directs incoming requests,8,2025-07-17T11:09:12.130661300
JSX,JavaScript as XML - sytax used to add JavaScript functionality to HTML; for example in React,7,2025-07-18T23:52:34.808928700
signup raw data,password; username,0,2025-07-18T23:53:14.782527800
hyphen ("-") function,joins multiple words that makes up a single word,9,2025-07-18T23:54:08.700931300
ELK,ElasticSearch; Loki; Kibana - tools of observability,0,2025-07-18T23:54:43.822987700
SLI,Service Level Index - how well a service should work,7,2025-07-18T23:55:28.589667900
PCI DSS,payment card industry data security standard,10,2025-07-18T23:56:23.552484300
JWT,skiy,0,2025-07-19T22:54:48.446341700
JWT,compact; URL-safe token format commonly used for authentication and authorization purposes,9,2025-07-19T22:56:42.006068100
Ingress Controller,in kubernetes it dispathes traffic to instances,8,2025-07-19T23:37:59.371535700
em dash ("—") function,marks sudden change in plot,8,2025-07-19T23:39:51.725488
IMDG,in memory data grid - distributed memore places in RAM,8,2025-07-19T23:40:40.171984300
FDP,frontend development platform,10,2025-07-19T23:40:55.629448200
signup raw data,password; cusotmer id; customer username; email and so on,8,2025-07-20T09:37:58.990892100
ELK,ElasticSearch Loki Kibana,0,2025-07-20T09:40:26.857243100
web server,handles static web pages and requests to them,9,2025-07-20T09:41:21.130077200
en dash ("–") function,joins related terms; like city names withing a journey course; example Kaunas – Vilnius,9,2025-07-20T09:43:38.608960400
assemble,part of build process when a smaller parts of code are gathered to bigger units,9,2025-07-20T09:46:13.914716300
URL,universal relative link,0,2025-07-20T11:47:49.676531200
abstraction,process of hiding details; and leaving key features exposed,9,2025-07-20T12:50:59.623511
test integration,checking how well tests work in a larger context of an application,7,2025-07-20T12:52:03.027232600
connection protection (examples),encryption; authentication; authorisations; pseudonumisation; obfuscation,9,2025-07-20T12:53:25.223604700
etcd,etc distributed - in kerberos; this is shared common configurations for all instances,7,2025-07-20T12:54:24.083357
operations specialist,takes care of infrastructure maintenance and deployment of applications,9,2025-07-20T12:55:33.030823900
mitigate,make less severe,10,2025-07-20T12:55:51.026392600
full-text search,searching technology; which undersatnds synonimas and word steams,7,2025-07-20T12:56:48.333486700
API gateway,server that controlls incomming calls to exposed API endpoints,9,2025-07-20T12:57:39.178872700
means of defensive programming,defining edge cases in the code in detail; and solving them explicitly,8,2025-07-20T12:59:00.551230400
ELK,tools for observability - ElasticSearch; Logstash; Kibana,9,2025-07-22T11:33:16.345063100
intrusive,disruptive; distrubing,8,2025-07-22T11:33:36.621447900
servlet,Spring bean that handles incomming requests,5,2025-07-22T11:34:04.547268200
signup raw data,username; user id; email; date; status,10,2025-07-22T11:34:52.266878400
Helm chart,A unit that has applications; container; their configurations and settings,9,2025-07-22T11:35:36.026678500
URL,universal resource locator,0,2025-07-22T11:36:25.638078600
AWS (cloud),Amazon Web Services - platform for cloud computing and storage,10,2025-07-22T11:37:16.477390700
sticky session,a seession which is only conncected to single instance of the application,9,2025-07-22T11:44:26.206014100
RDBMS,relational database management system,10,2025-07-22T11:49:45.365865700
Saba,software; tool for managing workplace topics and learning,8,2025-07-22T11:50:33.357849700
JSX,JavaScript XML - in React this is syntax for both foming HTML elements and using JavaStript logic for them.,9,2025-07-22T11:52:36.328997600
container runtime,environment; configurations and settings to run a container. Or a time when container is running.,8,2025-07-22T11:53:39.854455400
JPA transaction,a group of database operations considered as a single batch. If a single operation fails - then the whole batch fails,9,2025-07-22T11:54:33.600355500
separation of concerns (DDD),each bounded context serves a specified specialised part of business,8,2025-07-22T11:56:04.265369400
RESTful methods,GET; POST; DELETE; EDIT,9,2025-07-22T11:56:42.954055400
package (software),and archived set of software; that can be distributed,8,2025-07-22T11:57:46.208229400
Logstash,sofware that takes care of transfering logs,8,2025-07-22T11:58:30.818744200
secret (Kubernetes),a way to authorise without password,7,2025-07-22T11:59:25.308488200
DNS,domain network system - manages domain names and maps them to ips,0,2025-07-22T12:00:25.517858300
provisioning,making available for production and making it available there,9,2025-07-23T11:24:14.475574500
real-time data flow,as events occure; their data get sent for processing and gets processed paralelly,9,2025-07-23T11:25:02.644808600
facilitate meeting,organise a meeting,10,2025-07-23T11:25:14.935946500
DC components,Data center - servers; data; and network connections,8,2025-07-23T11:25:54.798569600
DAO,data access object,10,2025-07-23T11:26:14.788338700
cohesion example,a single classs has two methods that are connected; for example DocManager has editDocument() and createDocument(),9,2025-07-23T11:27:13.472390800
servlet,servlet is a java bean,0,2025-07-23T19:52:55.743189500
URL,universal resource locators,0,2025-07-24T11:01:08.454537
intrusive,unwanted; annoying; disruptive; disturbing,10,2025-07-24T11:01:32.541372500
factory pattern,coding pattern where creation of an object is handled by another object - factory,9,2025-07-24T11:05:15.110548700
ELK,ElasticSearch; LogStash and Kibana,10,2025-07-24T11:05:43.054525100
DNS,Domain Name System - maping user friendly website names to their ip addresses,9,2025-07-24T11:06:26.810442800
Hazelcast,Tool for distribute computing in the network,8,2025-07-24T11:07:25.989175800
servlet,java object that handles incomming requests,9,2025-07-26T16:32:45.313528
URL,uniform resource locator,10,2025-07-26T16:34:13.703277500
web container,part of web server that handles execution of servlets and jsp,10,2025-07-26T16:34:58.866828700
UAT,User Acceptability Teset - checks how well a program functions from the perspective of a user,0,2025-07-26T16:36:19.293377500
connection pool (context: database),multitude of database connections for improved speed,9,2025-07-26T16:38:11.069397200
ICT system (purpose),Information and Communication system,8,2025-07-27T10:15:31.688054700
TLS,Trasfer Layer Security,0,2025-07-28T14:28:13.859328100
UAT,User Acceptance Testing - checks how well application works from the perspective of user,9,2025-07-28T14:29:11.785143900
servlet,java object that handles incoming requests,9,2025-07-28T14:29:35.919448100
GPA,General Purpose Application,0,2025-07-28T14:30:51.275268200
TLS,transfer layer security,5,2025-07-29T23:26:15.976970600
GPA,general purpose app,7,2025-07-29T23:26:57.710510800
servlet,java object that takes care of incomming requests and processing,9,2025-07-29T23:28:10.666268800
UAT,user acceptance teting - checking how well product works from the perspective of a user,0,2025-07-29T23:28:58.025844900
DORA,data object resilience assesment - ECB checks how well banks are ready for disasters,0,2025-07-29T23:30:55.948093800
CI (IT component),continuous integration - automated build and test process,0,2025-07-29T23:34:46.520872600
PI planning,program increment planning - in agile engine this is an event where multiple teams meet and coordinate their work for an upcomming number of weeks,10,2025-07-30T20:24:25.437744900
TLS,Transport Layer Security - protects connections between browser and server,10,2025-07-31T09:54:17.583093800
UAT,User Acceptance Testing - checks how well functionality workd from the perspective of a user.,9,2025-07-31T09:55:19.356323500
product life cycle management,taking care of a product through all of it's life: idea; building; developing; maintenance; decommissioning,9,2025-07-31T09:56:14.575158700
DORA,Data Operational Resilience Act - EU regulations on how well banks should function during disasters,8,2025-07-31T09:57:24.173979800
CI (IT component),Configuration Item - any component that impacts how well a service functions,9,2025-07-31T09:59:08.326595100
ICT system,Information and Communication Technology System - usually simply computer system,8,2025-07-31T10:00:56.174189300
distributed computing,technology where processes have portions that are being calculated in separate computer units,9,2025-07-31T10:02:27.130002700
deterministic,means the process will always result in the same predictable outcome,9,2025-07-31T10:03:41.649598
proprietary,belonging to a company,8,2025-07-31T10:10:53.627337100
servlet/controller/MVC,takes care of incomming requests and distributes computing and data retrieval to other layers,8,2025-07-31T10:30:01.127469900
TLS,Transport Layer Security - technology to enhance security between browser-server connection,10,2025-08-02T20:52:53.909395100
GCT,General Complience Testing - checking how well service follows the rules,7,2025-08-02T20:54:08.178615300
landing page,first page after entering a web page,8,2025-08-02T20:55:04.214715900
em dash ("—") function,Used in the sentence to separate some unexpected twist,8,2025-08-02T20:57:10.378948900
pointcut,in aspect class pointcut shows where how the method is triggered,7,2025-08-02T21:06:27.877527600
QES (Smart-ID),qualified electronic signature - most advaced electronic signature; equal to physical signature,9,2025-08-02T21:07:47.494558400
SES (Smart-ID),simple electronic signature - basic electronic signature,9,2025-08-02T21:09:41.481341200
product life cycle management,taking care of the whole life of a product: concept; development; implementation; delivery; deployment; maintenace; stoping usage.,10,2025-08-02T21:16:00.367618800
arbitrary,something done by choice as opposed to some measurement,8,2025-08-02T21:16:58.119536800
AES (Smart-ID),Advance Electronic Signature - standard for signing document electronicaly; not having as strict rules as Qualified Eleectronic Signature; but still containing digital proofs.,9,2025-08-02T21:18:53.076075200
AFC (compliance),Anti Financial Crime - preventing and managing crimes like financial fraud; bribery and money laundering,10,2025-08-02T21:20:42.041909800
application server,provides web pages to users; takes care controllers; servlets; jsp etc.,8,2025-08-02T21:25:31.342872200
CDD (compliance),customer due dilligence - checking users / customers,9,2025-08-02T21:26:31.812061700
SSH,security shell - technology to authenticate,0,2025-08-02T21:27:32.123018800
Hazelcast,Sofware to do distributed computations,8,2025-08-02T21:28:43.252856400
Kerberos ticket,file for authentication whithout sending username and password directly to third service,10,2025-08-02T21:29:50.050429600
UAT,User Acceptance Testing - checking how well product works from the perspective of a customer or user,10,2025-08-02T21:30:42.516357400
EDD (compliance),Enhanced Due Diligence - more strict checks on a customer,10,2025-08-02T21:31:34.738659800
SSL,security service layer - manages security of browser server connection,0,2025-08-02T21:32:54.830258100
DORA,Data Operational Resilience Act - EU rules for financial institutions; how well they should run in case of disasters,7,2025-08-02T21:34:40.420002500
en dash ("–") function,conncects similar words to formulate ranges; vectors and so on. For example New York - Los Angeles,8,2025-08-02T21:36:08.584355
JPA entity management (db),Managin connection of Data Object Model connected to database table entry,8,2025-08-02T21:40:15.004893
JPA transaction (db),a set of actions in database that makes up a singe unit. Transaction fails if at least one action fails.,9,2025-08-02T21:41:17.384537900
JPA responsibilities (db),connects Data Object Model classes to their corresponding database table entries,7,2025-08-02T21:42:00.559471
JPA (db),Java Persistence API,10,2025-08-02T21:42:28.353611200
e.g.,exampli gratia,10,2025-08-02T21:42:39.515220600
build process,small peaces of code in source are brought together and made ready to be ran or distributed,7,2025-08-02T21:43:37.781188700
F5 rules,distributing and dispatching user requests and other traffic to application instances,8,2025-08-02T21:44:26.047305800
RESTful,API; controller and servlet standard; manily about stateless classes; standard http methods; application layers,8,2025-08-02T21:46:02.580889700
abstraction examples,interface; method name; API,8,2025-08-02T21:46:40.104591600
data flow,real time information sending and processing,8,2025-08-02T21:47:01.618426900
package (software),a portion of data. Also each java class is organised and belongs to a certain package,8,2025-08-02T21:48:19.137397
Logstash,software for fetching logs to observability tools,8,2025-08-02T21:49:19.446077200
deque,data structure implemented as ArrayDeque of LinkedList. It maintains insertion order and has a quick access to first and last item,8,2025-08-03T12:37:51.785452
unit testing,tests that developers write for most of their methods,8,2025-08-03T12:38:34.025127200
secret (Kubernetes),a file containing authentication data; but not username and password directly,8,2025-08-03T12:39:24.108040800
value stream,agile way of organising work of multiple teams that depend on each other,8,2025-08-03T12:40:08.122501200
bad cohesion (DDD),single software unit solves unrelated functionalities,9,2025-08-03T12:40:58.041141
commissioning example,getting code ready for the production,8,2025-08-03T12:41:37.200805200
commissioning example sentence,we had to solve multiple problems to commission the functionalities required by business teams,9,2025-08-03T12:43:51.645639
traverse,visit all,8,2025-08-03T12:44:04.754548900
subnet,part of a network,9,2025-08-03T19:56:53.137926700
remediation,removing voulnerabilities,10,2025-08-03T23:00:15.015481800
RBAC,Role Based Access Control - standard to give various rights in the company depending on person's role there,10,2025-08-03T23:01:26.348566800
Kerberos principal,username and server pair used for authenticaction in form of "username@server",9,2025-08-03T23:02:14.095255100
Liferay,a CMS - content managing system - covers frontend and backend,8,2025-08-03T23:04:39.168285500
SSL,security sockets layer - takes care of browser to server connection,6,2025-08-03T23:05:25.544847
Hibernate,In Spring this is a tool for Object Relational Maping to database,8,2025-08-03T23:07:42.094903400
Bean factory/ Application context,This takes care of IoC - Inversion of Control - manages objects; beans and their injection,8,2025-08-03T23:08:37.041993
Genesys Cloud,cloud based support contact-center,9,2025-08-03T23:09:16.585390700
data custodian,a team that takes care of data,8,2025-08-03T23:09:41.866453700
SSH,secure shell key pair — private and public,6,2025-08-03T23:10:13.702521600
GCT,General Compliace Testing - checking how well a product follows rules,8,2025-08-03T23:11:27.078149300
en dash ("–") function,is used between connected words to formulate ranges,9,2025-08-03T23:12:12.097241800
em dash ("—") function,separates unexpected thoughts; is typed by alt + 0151,9,2025-08-03T23:12:59.465060
DevSecOps,Disciplin and philosophy of automated integration; security; delivery; deployment etc,6,2025-08-03T23:14:36.096513800
cloud platform,something that enables running IT services and is based on distributed remote servers,9,2025-08-03T23:15:59.465720500
web server,runs the backed; takes care of user requests and serves web content,9,2025-08-03T23:17:00.252129400
postmortem,actions taken after some disaster or troubles. Analysis what happened and actions to prevent repetition of such happenings,10,2025-08-03T23:18:07.677497200
metadata,data about data,10,2025-08-03T23:18:26.357573
entity (database),corresponds to object in java,8,2025-08-03T23:19:10.812680
Logread,tool to read logs as files,9,2025-08-03T23:19:36.596981300
test pilot,starting limited use of intended functionality for test purposes,7,2025-08-03T23:20:34.883723400
test pilot (IT),trying how well functionality works; while exposing it to a limited number of customers,8,2025-08-03T23:22:55.356264700
servlet,takes care of user requests and directs data flow. lower abstraction of controller,9,2025-08-03T23:23:54.720037600
subsetting data,separating data into portions,8,2025-08-03T23:24:36.424623500
etcd etymology,Et Cetera Distributed - common settings and configurations for all instances of application,9,2025-08-03T23:25:58.167703600
DBA,Database Administrators - name of a team,10,2025-08-04T10:43:18.886155700
staging environment,means that latest changes in this evironment will get deployed to production,8,2025-08-04T10:43:58.714291900
facility,building,8,2025-08-04T10:44:18.468157700
KPI,Key Performance Indicator,10,2025-08-04T10:44:39.224038500
SLI,Service Level Indicator - how well should a service work,7,2025-08-04T10:45:15.745088300
JPA responsibilities (db),transactions; queries and mapping etities in database to objects in the backend,9,2025-08-04T10:46:14.105142200
diligence,persistant throrough work with care and attention to detail,9,2025-08-04T10:47:00.610507
firewall,rules for communication for instances in the network,8,2025-08-04T10:47:48.103734700
JPQL,java persistence query language - universal database query code; that can be translated to any database type specialised query language,9,2025-08-04T10:49:05.083351900
landing page,initial web page where users are directed and start there,8,2025-08-04T10:49:36.630754400
due,1. now 2. proper,7,2025-08-04T10:50:14.984132800
cohesion,connectedness,8,2025-08-04T10:50:56.306469800
YAML,YAML Ain't Markup Language - a common human readable sytax format; for data and metadata,8,2025-08-04T10:52:16.563770200
pagination,way to display large lists in the web page; when portions of that list gets a separate page,10,2025-08-04T10:53:23.567473
application server,responsible for runtime of application; runs calculations and provides outcome,9,2025-08-04T10:55:12.501404100
JSON,Javascirpt Object Notation - a common file format for data and metadata,7,2025-08-04T10:55:56.976423
CI (IT component),Configuration Item - any element that is manageble and from wich the given service depends,9,2025-08-04T10:56:45.169936300
performance testing,checking how well service performs under a larger load,9,2025-08-04T10:57:24.223758100
IMDG,In memory data grid - distributed computation and storage where data is located in RAM,9,2025-08-04T10:58:02.939755200
